id,text,label
1,I think I need help ,EMOTIONAL_SUPPORT
2,"Call a cab? Talk to the bartender, or the other drunks. Try to have human interaction and get off reddit.",ADVICE
3,"Don't worry about what other people are saying about your attitude, etc. I'm sure your calm around your family just be reading your posts. But also, investing in cameras around the house wouldn't hurt. It'll help you with your current situation and as well as in the future if anything happens. ",APPRAISAL
4,Who cares. You are 21 your life is young...6 months from now nobody will remember,ANECDOTE
5,"---
> http://imgur.com/a/myIAb

---
*I am a bot whose sole purpose is to improve the timeliness and accuracy of responses in this subreddit.*

---
**It appears you forgot to include your location in the title or body of your post. Please update the body of your original post to include this information.**

---
***Do NOT delete this post - Instead, simply edit the post with the requested information.***

---

Author: /u/the_kentai

Title: **Before winter break, teacher took my phone until winter break is over.**

Original Post: 

> Thats from Dec 21 to Jan 7. What should I do? Is this even legal??




---
LocationBot 4.31977192 | [Report Issues](https://www.reddit.com/r/locationbot)",APPRAISAL
6,"IANAL, but if you worked that time, they need to pay you. To me, this is where legal advice meets life advice.

How much do you want to push this? Sounds like this may be a few hours total at this point. If it were me, I'd say make sure to take every lunch and every break on time no matter how busy you are. If the manager asks why, remind them that they are docking your pay when you don't take lunch.",WARNING
7,Why? ,ANECDOTE
8,"As a motorcyclist, please refrain from using your phone as drivers who do typically are all over the place and distracted.",ADVICE
9,For some people moving on is staying friends and not being hung up over someone in this case you. Unless he decides for some reason to joke about your relationship in any way or denies it ever happening then it didn’t mean anything. But if he’s careful of what he’s says around you then he’s just trying to be respectful about your feelings while also making sure he doesn’t fail to move on and develop more relationships with others ,WARNING
10,"This, and your frontal lobe post, are the most truest and factual explanation of life that there is. You cannot understand this until that frontal lobe connection physically takes place. It changes your understanding of the world, literally, because of biology.

Ask any 25 year old how they understand themselves now as compared to 18 and they will almost all tell you I am a different person, a better person, a smarter person, a more capable person. Sure it's because of more time and experience, but mainly because their brain physically changed and made different connections needed to understand cause and effect.

If you have a baby at 18 you will be raising it during its most important time unprepared to give it everything it needs. This does not mean you cannot, or you will be bad, or fail, it means that you, as a parent, the most important job there is, will not be able to provide what is best because you will not be at YOUR best.

What is so sad is that you, at your age, cannot see this. It makes no sense because you see yourself as capable, as ready. You are, but you are not full yet. That fullness is what will make you a better parent and a happier parent.",ANECDOTE
11,"His behavior won’t get better with time, only worse. Your best bet is to kick him out, get a child support and and custody agreement. Imagine if you weren’t there when all that happened with your child. ",ADVICE
12,"Just because she was going through ""family issues"" does not justify her to go out and CHEAT on you.

I'm sorry dude, I don't mean to be blunt or rude, but you need to dump her and move on. There are so many more women out there that wouldn't do that to you.

&#x200B;",ADVICE
13,You're crazy scary dude. Calm down and get the f out of here.,APPRAISAL
14,"You cannot afford 1k rent on 30k. I make more than twice that and pay 1.2k, you will be struggling. ",ANECDOTE
15,"Because people have bad days and then they use their bad day as an excuse to lash out at people.  I'm sure you do it too, only some people have a low bar for what they consider a bad day.  And then a bad day turns into a bad week and they start thinking that nobody around them deserves a good day as long as they're having a bad one.",ANECDOTE
16,"we see it so often in these forums, people speculating about what must be in the heads of their partners who don't treat them right, when the treatment tells them everything they need to know",ANECDOTE
17,"I agree. Never said that anyone is aweful or should do anything possible to help... again I don't get why you are telling me this.

Most here seem to have their assumptions on things completely wrong... and that sure is nothing you can blame me for.",ANECDOTE
18,"Hey I will be seeing him in a few days at another dance party. Any advice for what I could say to him? How about a compliment like ""I like your shirt"" or something? Thanks!",ANECDOTE
19,"It's early enough to where you 3 can find a new place with a new fourth roommate, or tell the obnoxious one that he needs to find his own place and sign your current place with a new fourth roommate. Idk how you have your leases already set up, but my point is that it is early enough to where you can decide and it shouldn't affect anyone in a negative way. Good luck ",ADVICE
20,Can't you go back to being a residential camp counselor?,ADVICE
21,Pretty much all the cops I have ever talked to have been in unanimous agreement that cop shows only barely resemble reality.  In pretty much every single episode they're doing stuff that would get them reprimanded if not kicked off the force or outright arrested themselves.,ANECDOTE
22,"What /u/seplondon has said is basically what I was thinking, if you were underage it might be a different story.",ANECDOTE
23,I look at it this way. A debit card gives someone access to your cash. A credit card gives someone access to pretend money. I'd rather give someone pretend money and argue with the company over charges (if necessary) than give someone my cash and argue with the company to give my money back.,ANECDOTE
24,"Maybe you should talk to her about polyamory. My boyfriend and I used to be pretty wild, 3 and 4 ways, sex parties, kink parties, the whole shebang, but I was very against having an emotional connection with other partners as well. Recently I'm coming around to preferring it, if only for the stake of stability for everyone involved. People change, people grow. Who knows, she might end up on board for something like that if she would also have the same freedom to make emotional connections with others.",ANECDOTE
25,Fucked up on her part for giving you an ultimatum like that. If you really want to drop out do it man. Just think about what would happen if you do or don't. ,WARNING
26,For the love of your sanity ditch the hoa and avoid the pmi if you can. That adds up and is a pita to get rid of. And hoas are generally shitty.,EMOTIONAL_SUPPORT
27,It will if they've got a gun and are really desperate to steal something because of a drug addiction or something like that. ,ADVICE
28,"That wasn't just insecurity OP, that was (or was *also*) *projection*.",ANECDOTE
29,Remindme! 3 days,APPRAISAL
30,"Fair point, I’ll be up front and ask what she’s looking for. Thanks for your advice!",APPRAISAL
31,Wow I have a lot to learn. Thank you ,APPRAISAL
32,"Just go and file now. At worst you'll have to pay a small late file fee. In all likelyhood making only $15,000 taxable for the year you'll owe nothing and actually get a refund. Not sure how this works as far as the FASFA is concerned but the sooner you file the better off you'll be. Not a student but didn't file for three years due to trying to avoid student loan garnishments and what have you and still ended up getting money back for the unfiled years and the one I was current on and I made a hell of a lot more than $6,000 for those years.

Edit: fanta to FASFA",ADVICE
33,"Gee thanks... I'm not dumb please don't say rude things like that.

I don't get how he flashed you wearing that? Can gou explain? Do you mean you saw his boners?

I don't think I can be registered as a sex offender for that, even if I wore panties it would be the same. And I already took everyone's advice I will start wearing underwear ",ANECDOTE
34,"Agree. Can't you consolidate them separately, one for you and one for your spouse? Seems like a nightmare to try to undo if for some reason you ever needed to. ",WARNING
35,"Girl, RUN! Trust your gut instinct and get out of Dodge. ",WARNING
36,"But even if that's true, it doesn't prove anything about a polygraph machine any more than attaching an EKG to a plant would prove about the EKG. A polygraph doesn't show whether someone (or something) is lying. It measures an individual's physiological responses while answering questions, and the examiner makes a determination of deception based on their interpretation of those responses. 

Your argument is like saying that my phone is faulty because my cat's paw can affect the capacitative touchscreen. That's irrelevant to whether the phone actually works when I touch it with my finger.",ADVICE
37,I see where you’re coming from but she’s expressed to me how much of a mistake she’s made and although I believe she’s sorry that doesn’t change the situation,ANECDOTE
38,Lmfaoooo yall dumb,ANECDOTE
39,"Yeah I bought a journal today as a sort of all purpose note taker, that's a good place to start.",ANECDOTE
40,"**Love isn't an excuse to be miserable.**

Loving someone just isn't a good enough reason to be with them. Love makes good relationships better, but does not make bad relationships good. Being in love with him isn't a good reason to be with him... you can find love anywhere, it's actually easy to find. Finding someone who you get along with and can build a future with, that's rare, and that's hard. Staying with this guy is just the lazy thing to do.
 
You need to value the work it takes to find someone worth being with and not just stay with someone because of love.
 
One other thing...
 
You need to value honesty in your life. By that I mean that you need to always be honest and you need to only allow honest people near you.
 
Right now you are a liar and a cheat. You tried to hide things, you avoided saying the hard things, you allow him to lie to you and stay in your life, you even lied to yourself every time you went back to him thinking that things would improve when you knew they got worse each time.
 
You need to go back to therapy, and you need a therapist who works with you on your honesty issues and your fear of being alone.  
 
You need to stop using love as an excuse!
 
(P.S. I'm not being unsympathetic to your abuse. It sucks and it's done real damage to you that only a trained therapist can really help with. You may also find support in some of the subs on here for survivors of abuse. I'm just giving you advice on how to work your way out of this relationship for real this time... getting healthy and getting new tools for dealing with this stuff is a whole other thing.)

",APPRAISAL
41,"If a year relationship has a 4-month dryspell of even just making out, I think it's time to break up. It sounds like he only is putting in effort generally to get a partner but not actually understanding the good part of a relationship should be everything after. Probably a root cause in there somewhere but who knows if it's worth digging for.",ADVICE
42,"I would strongly suggest no.  It will bankrupt you and possibly ruin you as an artist.  You have to determine exactly what you want to do with your art.  If its to make a living off selling paintings, art school is not necassary. Move to a city with a vibrant art scene get a part time job and move in with a roomate , spend all your time making art and going to gallery openings.  Save your money, building a strong portfolio takes time and art school will detract from this...if your any good, art from the gut is what will bring you success.",APPRAISAL
43,Does your boyfriend not speak up when this shit happens? Lol fuck I’d tell my parents to fuck off,ANECDOTE
44,"I can't give much helpful advice to be honest. We bought our house two years ago at 28. Up until then we were living with family for six montgs and saving like mad. We'd each been saving for years before that too and I'd been double jobbing for five years too. But here are my tips:
1. Cars are expensive. If you don't need one, don't get one. A lot of the time the cost of unssurance, tax, and gas makes a car far more expensive than public transport.
2. Make all your food at home. A bought lunch can cost five quid. You can make five lunches from ingredients that cost that much, even if they are just basic lunches
3. Learn to stitch up damaged clothes (not hard really, I taught myself in ten minutes) and buy clothes from thrift shops (Maclemore was on to something). ",ANECDOTE
45,My boss knows about it. He’s seen a copy of the video. So I think that part is safe. My only concern is college wise ,WARNING
46,Report the accident to your employer.  They may have a specific location for you to receive medical treatment.,ADVICE
47,It's regardless of states of dress if the intention is to arouse. ,ADVICE
48,"Yeah of course there's hope. One thing you can do is take lower level classes and the bare minimum of classes you need to be a full time student. You can talk with an advisor about your concerns and keep talking with them as the classes progress. You may need or want a tutor or help with taking notes, help with studying. There are a TON of people ready to help with almost anything you need in college but YOU have to find them. Your instructors MAY tell you that it looks like you need help but in college, they're assuming you'll take care of yourself. So the biggest thing to remember is go find out what help is available and USE it, as soon as possible.

You've learned a few things about how to be more vigilant so that's great. 

Why would you only be able to go to uni at age 20? If there's a set of reasons why that is your current plan, I think the best thing you can do is sit down with your parents and explain your plan and ask for input. The ability to be able to communicate these difficult things helps to show (them and YOU) that you're ready to move into adulthood. It's not always easy out there and you'll have to talk with a lot of people about a lot of difficult things going forward. Practice by talking with your parents if possible. You can feel humiliated but still be open, respectful, and honest and by the way, it doesn't hurt to start out with: ""Mom and Dad, I've learned from you to be respectful and honest. I want to be respectful of you by being  honest with you and I could use some of your advice...""",ADVICE
49,"She can say whatever she wants, you weren’t there. This is just awfully disrespectful of her. Have some self respect and stop being a doormat. ",EMOTIONAL_SUPPORT
50,"*Your comment has been removed for the following reason(s):*

You are replying to your own post.  Rather than reply to your own post, either reply to the comment you're replying to or edit your post to put the information there. 

*Please [read our subreddit rules](https://www.reddit.com/r/legaladvice/wiki/index#wiki_general_rules).  If after doing so, you believe this was in error, or you’ve edited your post to comply with the rules, [message the moderators](https://www.reddit.com/message/compose?to=%2Fr%2FLegalAdvice).*

*Do not reach out to a moderator personally, and do not reply to this message as a comment.*YOUR COMMENT HAS BEEN REMOVED.

*I am a bot, and this action was performed automatically. Please [contact the moderators of this subreddit](/message/compose/?to=/r/legaladvice) if you have any questions or concerns.*",APPRAISAL
51,"No, I absolutely agree with what you're saying. I'd rather he be looked into in case rather than assume it was anything innocent. ",ANECDOTE
52,Get in shape and become desirable.  /r/Fitness /r/EatCheapAndHealthy  ,ADVICE
53,Sell it and take the train :),ADVICE
54,"If a tow truck isn't available try these

1. put sticks or dry dirt under the drive wheels to help give traction.

2.Push the car as if You were pushing a swing. Push then let it go back into place then push again repeat until the car has gained enough momentum to escape the mud.

Hope this helps!",ADVICE
55,"The most likely scenario is that you have to pay for his share of the rent, and mitigate your damages by finding a new roommate that is acceptable to the landlord. Then you can sue him for the money you had to pay out. ",ADVICE
56,"I think you have cause to be concerned but not in the sense of what he has lied about in the past, but in terms of do you see this escalating in the future? 

It sounds like he has some kind of complex where he has to create lies to make himself look better or to protect himself. It seems to be some kind of defense mechanism and not done out of malice. That's a deeper issue than just dropping a white lie every now and then, so you need to ask yourself whether he can change (and ask him) and if he can't, you have a decision to make. Or encourage him to get counseling. ",APPRAISAL
57,"There's this thing called 'checking over your shoulder' when reversing. In case you miss something in your mirrors. If you can't avoid hitting a stationary car, probably should question your driving. ",ADVICE
58,"In my opinion, I think it's actually kinder to end things when you know immediately this person isn't the one for you. Stringing someone along while you know you're not 100% in just wastes everyone's time and will hurt them more.",ANECDOTE
59,"Addressed and sent to her mother but when it was opened it was my girlfriend's name, info, and billing info on the inside",ANECDOTE
60,Is he naming her after his ex or does he just really like the name? I want to name a son Jerry after my grandfather but my ex just so happens to be named Jerry. It all depends on the reason behind it ,ANECDOTE
61,What kind of janky nail salon doesn't have a blow dryer? Go somewhere else. ,ADVICE
62,"Been there a couple of times. End it. You don’t want to see this situation play out. It’s not that it hurts, it’s that it’s fucked up, and if you try to make sense of it, it makes it harder on you to move on. 

She’s cheating. You’re not dumb. You’re not misunderstanding. She is not committed to you, and that’s all there is to it. It’s not your fault. Break up, feel like hell, and keep trucking. It will be weird for a time. In six months you’ll be wondering what you saw in her.",EMOTIONAL_SUPPORT
63,Do you currently have a down payment for a house? Are you aware of how costly housing is in California?,APPRAISAL
64,"It absolutely is not false. If you are sued by a 3rd party, which I have been before, it can be an absolute nightmare to untangle and will take much more time than if you simply file a lawsuit and the matter is settled before going to court --> which if you sue a company and have ample documentation to support your case it almost always will be.

Companies literally sue individuals all the time without merit and hope they don't show up in court, or respond to the paperwork because they will win automatically. Companies very rarely allow themselves to be sued without responding --> especially financial companies.

>Literally anyone CAN do this.

Correct, but not literally ANYONE, and not literally ANYTHING are covered by financial laws that govern the possession of MY money relative to a BANK that is holding it. There are VERY SPECIFIC federal laws and the banks have a standard they much achieve if they are saying that MY MONEY is now THEIR MONEY. 

I would much rather INITIATE THIS PROCESS than to let another party INITIATE IT ON ME.

The total liability here is the total amount of cash I keep in a DEBIT ACCOUNT. 

How is this hard for you to understand?

DO NOT KEEP YOUR SAVINGS IN THE SAME BANK AS YOUR DEBIT ACCOUNT.

>Why? BECAUSE SUING SOMEONE IS NOT EASY AND SIMPLE LIKE YOU SAY IT IS.

It absolutely it is.

>t takes a lot of effort to sue someone and get a judgment and collect it.

Yes, if you have to go to court, and if you have to collect. That typically relates to suing individuals, and collecting against individuals. Collecting against a bank is stupid simple. It's a bank!",WARNING
65,"Oh dont act like you never got on the gounge when you were kid! Shit, I wish I could still slop a big old punter on my dribb but I'm a little too old for it now and you know the gounge they have now is 10x more krepply than when we were kids. Just make sure he's  practicing safe chipple.",ANECDOTE
66,"The legit prepaid gift cards only charge the purchaser/giver, a service fee at the time of purchase. Usually $3 - $4 for every $50. The receiver pays no fees for purchases. Not sure about other states, but in California it's illegal for gift card providers to charge maintenance/dormancy fees. 

I buy prepaid Visa/Mastercard gift cards for use at parking meters. One time I used my credit card to pay for parking, and the machine wouldn't give my card back. It was stuck. I was there for like 10 minutes trying to get it out. Finally, something ticked inside the machine and gave my card back. From that moment on, I use prepaid gift cards to pay at parking meters or questionable payment machines.

But this GreenDot card that OP is talking about is a different thing. I see the TV commercials all the time and they make it sound like such a great alternative to traditional banks and credit unions. It's a total scam when you read the fine print. Predatory banking, essentially. ",WARNING
67,"Thank you for taking the time to respond! This would be great advice if she were a different kind of girl. She isn't the type of person who would date someone based on her first impression of them, which is why I want to take it easy.
As for me, I didn't plan on trying to ""get into her pants"" anyways. I want nothing to do with a sexual relationship at my age, especially with someone who wasn't smart and didn't have a good personality. 

And don't get me wrong, I'm not out looking for a girl to date. I've been in classes with this girl for years and she seems like ""my type"", if you will.

Thanks for the rest of your advice though, I'll keep that in mind.",ANECDOTE
68,"It does ring true, but without proper managing, this sentiment leads to financial ruin.

The debt needs to motivate you to grow. He's telling you to make that commitment to her.

What else is a wedding ring but a symbol of commitment?",ADVICE
69,"He can post it. It may get taken down.

Millions upload videos with music in the background. Some get taken down, some don't. ",WARNING
70,"Yeah, I’m not a huge fan - pooping is pretty much a necessary evil (and not terribly erotic). 
I would rather vaginal penetration, but that’s just a personal preference.",ANECDOTE
71,"Haha not to denounce your feelings, but you have good problems my friend ;) ",APPRAISAL
72,What sort of rumors? ,APPRAISAL
73,">  you need her to feel safe so she can heal.

No.  We have a woman doing irreparable damage to her family.  She doesn't need ""safe space to heal"", they need a **safe space to live**.  Not to mention that giving abusers lots of leeway to ""get better"" doesn't ever work and just enables them.

Normal boundaries--- in this case, getting help from law enforcement when someone has attempted something heinous--- are important.

OP has undergone years of abuse since she was a child.  How long do you think she should continue to wait?",EMOTIONAL_SUPPORT
74,"Woody Allen famously said, ""I don't want to be a member of a club that would have me as a member""

this is a common problem - the chase is over - interest dies

just keep trying - someone someday will hold your interest",ADVICE
75,"You need some additional detail starting with a location. Also, you rented a room? Do you have a lease? ",ADVICE
76,"No way, I haven’t lived with her since I turned 17, I’m 24 now. I left and haven’t looked back. I guess I feel guilty bc I can’t stomach being around her for too long or even reaching out. I feel like worst daughter in the world bc shes mentally unstable but I feel like I’m drowning when I’m around her. 

Parents not believing their kids about serious stuff or not siding and protecting them makes me sick. I’m here if you want to talk about anything ",ANECDOTE
77,"She obviously doesn't really care about it. So I think that it's completely fine. It's not wrong to feel hurt, it's just that she might not think it's a big deal unlike you. ",EMOTIONAL_SUPPORT
78,"Yes, this maybe the solution. Thank you!",APPRAISAL
79,Reds and dark magenta would probably look nice. ,ANECDOTE
80,"Does your school offer scholarships or can you offer to pay in installments (a little bit at a time)?  Get a job babysitting, tutoring, get an allowance...  Talk to the teacher in charge of the program.  Do you cook at home?  Cook for your mom so that she knows you're serious and that you have cooking skills/ability. ",ADVICE
81,"You may take your argument up with the journal of psychiatric research.

If you read back to my first point, it comes down to the individuals in the relationship. There are clearly going to be exceptions to each rule. You are using a straw man argument, that's just poor debate.

Case in point, my wife is 5 years younger than me, we started dating when she was 18 and I was 23. Our relationship and marriage are extremely healthy.

I was old enough to show her the potential outcomes to her decisions (quitting school, taking certain jobs for convenience rather than experience) and she was young enough to reinvigorate my outlook on life, and to go back to school and make something of myself.

",ANECDOTE
82,"""That's my dad!"" (Or mom).

""Where you friends with them?  What were they like?""

It gets them to start talking about them (hopefully positively), and allows them to share stories/memories etc etc.  

Also in case there's a bad memory there - it stops them from blaming you.  ",ADVICE
83,This is a deal breaker for me.,ANECDOTE
84,It is generally easier to work with people you have a good relationship with.  ,ADVICE
85,"I think you can. 

And if not, you might as well try it anyway considering the existing account is going unused.",ANECDOTE
86,"\^\^\^ All of this. There's nothing wrong with preferring to be single, but if you actually preferred to be single you would've had nothing to write about here because there'd be no conflict or confusion. You'd feel content. You sound sad and frustrated, and rightfully so given your backstory!! What an awful experience you've had so far. You deserve something good, OP, and it'll take work, and it's not fair you had to go through what you did, but it's very much, completely, entirely possible. I hope you take this person's advice. Good luck, friend! ",EMOTIONAL_SUPPORT
87,"Wow, you are going through a lot, even for this sub! Let me assure you, you can get through this. It's gonna feel shitty but you can do it. Ok so most urgent thing is food and shelter- food bank is perfectly appropriate. For rent issue I suggest asking your land lord for an extension because you have had to travel for unexpected family issues. Then you need to find a way to get extra money- borrow from someone, pick up extra work, sell or pawn something. Ok then your immediate needs are dealt with.

You were a bit vague on details about what exactly your mother has done, and actually I don't need to know, because you characterised it as abuse. I suggest you seek counselling. And don't blow off that suggestion. Counselling is not really optional for victims of abuse, it is a fundamental step in the recovery process. It is through counselling that you will be able to find your way through.the complex issues within your family. It will help you figure out who you want to be within all of that.

Good luck.",EMOTIONAL_SUPPORT
88,"SIMPLE, Let it go....you fill out the paperwork being the mother. Name her what u want. You could  give her ur maiden last name if you want to (not recommenced) but point being if he loves you both he will stick around. If not let him go. ",ADVICE
89,r/suicidewatch,APPRAISAL
90,"28M in residency

save for an engagement ring (\~8k more)

max roth IRA ($6k)

establish an emergency fund ($3k)

Put $1.5k into loans every month (med student loans)

&#x200B;",ADVICE
91,"Basically lie detectors are setup to measure  physiological signs of stress. The premise is for most people lying is more stressful than telling the truth. Obviously taking the test is stressful so they start out with a series of control questions which are known truths and known lies to try get a baseline. The accuracy can vary tremendously depending on the examiner, how the test is conducted, and of course the individual. It is well known that some people are able to lie without any indications of stress and the test is useless on them.",ADVICE
92,"For an online transfer approach - If you can access the account on the mobile app, you should be able to see account statements somewhere. Account numbers typically appear on statements. With that you can initiate transfers once you set up a new account, same bank or different bank. Transferring to a different bank will have some hoops to jump through so it may not be immediate, but it should be (somewhat) clear what the steps are. 

You should be able to transfer from your mobile app anyhoo, so it may take a little poking around to discover it.

Or you can do the old school withdraw-in-cash method previously mentioned. It can be as simple as walking into a bank branch and asking to open a new account (perhaps make an appointment if it’s a busier location). They should be able to walk you through it for less of an intimidating process. Don’t be afraid to ask questions! ",ADVICE
93,Poisoning her mind with the idea that it's ever a good idea to stay with a cheater. She is going to want to look for excuses to stay and people like you are pretending that's not a completely stupid idea.,WARNING
94,You two really win the Darwin award for somehow existing.,APPRAISAL
95,"Yup. Sorry for yours as well. Same type of tomb, marble crypt. I was thinking it would cost about 7K to replace... Might be worth it in my eyes. ",ANECDOTE
96,True but I don't want to go from 0-100 so quickly. And I don't think I'd even have the guts to ask him out like that.,ANECDOTE
97,"Please review the [Landlord Tenant Questions](https://www.reddit.com/r/legaladvice/wiki/landlord) section of the /r/LegalAdvice Wiki for common questions and answers regarding landlord tenant issues.  If this does not apply to your question, please disregard.

*I am a bot, and this action was performed automatically. Please [contact the moderators of this subreddit](/message/compose/?to=/r/legaladvice) if you have any questions or concerns.*",APPRAISAL
98,Realistically? $0 based on what you're saying. ,ANECDOTE
99,"If you have contracted something and he has it too; he won't be mad at you he'll just be even more mad at the scumbag that raped you.

It's never too late to go to the police, and I think you really should.",WARNING
100,"They probably arnt dating. Check social media though. Ask him for a 2nd date, or if he is with her. Tell her you dont feel comfortable around him if he is going to be with someone who bullies you. Tell him about the incident. I can see this girl being abusive and him being stuck with her out if fear.",ANECDOTE
101,"How is 19 relevant?  

Edit:  Also, is landlord also known as Dad?",APPRAISAL
102,"I feel like I initially react somewhat angrily but then I also realize if it’s gotten to the point where he calls me out on it, it’s bad enough for him to comment on so I need to reel it back. The biggest/most easily identifiable issue with your situation though is that she’s clearly at a breaking point even though it sounds like it’s mostly self inflicted. 
I suppose I just don’t understand the perspective of someone who can get into a fight with their SO and want to leave after a few days of fighting unless there’s something you’re leaving out of this story or you’re not actually as innocent in the situation as you’re making yourself seem, which can sometimes be hard to gauge. ",ANECDOTE
103,What’s your question?  Read the sidebar rules. ,APPRAISAL
104,"You had sex with him because he takes care of you, with money. A loose arrangement, yes, but you felt guilty about it. Now you have gone and fallen in love. The friendship is over. He is offering you his key because you are lovers now. ",ADVICE
105,Try chewing a little bit of marijuana ,ADVICE
106,Text your ex. Self-respect is for pussies.,ADVICE
107,"Ghosting is a very selfish thing to do.  Its’s also bridge burning.  I doubt he’ll be interested in a friendship with you, but who knows.",ANECDOTE
108,"Have you tried setting specific goals and doing work in chunks? ""I will do 10 of these problems, then get up for a glass of water. Then 10 more problems, then I'll take the glass down stairs. Then the last 10, Then I'll put all my laundry away before starting on English."" Its not really a reward, it's a quick brake to do something physical.

Its harder if you're like me and reading takes ages. Then try doing things like renting your literature books as unabridged audio books and listening to them instead. That takes the pressure off, making it easier to start.

It can be very hard for some people to do work where they sleep. So consider setting up a ""Work Zone."" Get a candle that you ONLY light during homework time. The scent association will help you concentrate. Change the space physically in some way as you prepare to start work, and establish a routine to do it. Like have a wall calendar that you only out up for during homework time. Keep your pens in your drawer and put them in a holder on your desk only during homework time. Just go through this little set up routine to change your physical space as well as your mind set from ""Bedroom"" to ""Work Zone.""

Also, consider staying late after school to work in the library instead of at home. It might be less distracting and harder to procrastinate.

Edit: also, try making a list. Scratching stuff off a list is so amazing you'll want up keep doing it.",ANECDOTE
109,"Ok, here in Europe I can do contactless payments with my debit cards upto 25 euro, anything more would need a pin code. And my banking app notifies me of any payments so chances of not noticing something's up are small. The app Also allows to immediately block a card.


Edit: also I'm quite sure the magstripe on my bank cards are completely disabled. Good luck skimming the chip.
",ADVICE
110,"you are just whining and being annoying. the reason you dont ""get what you give"" is because no one wants what you are trying to give, so you're only giving in your own head. if you listened to people and dealt with them on their terms and not yours, you might actually find someone who wants something from you and not just you pretending to give but really just giving to yourself and acting like you're giving to them.",ADVICE
111,Well that's awesome. I don't remember there being a part about getting paid on quitting. So it looks like my options are to either quit and find somewhere with a better contract or work myself to death with no real way of getting a vacation for the foreseeable future. ,ANECDOTE
112,"Honestly, there are millions and millions of people in all three of those areas. There's absolutely no reason to rule one out because you think there will be fewer dating prospects there.",ADVICE
113,"Vanguard federal money market VMFXX. Pays about 2.3%, is very liquid, and pays monthly.",ADVICE
114,"Are they telling you that you can now *not* exercise the other 85%? That seems odd, given that the whole point is the *option* to buy the equity when you want. Maybe check your equity agreement and see if there is something pertaining to this scenario?",APPRAISAL
115,"Not my employer, a potential employer.",APPRAISAL
116,I have been shitting soooo much all day bc of how much I drank last night lol cheers mate,ANECDOTE
117,Whatever floats your boat.,ANECDOTE
118,"Root, Root, Root!! try Root though seriously, I (20M) went from 350$/month Liability on a 2001 Mustang to 200$/Month on a brand new 2018 Toyota. I'm not sure what this Sub's opinion on it is, but it has been a lifesaver for me. You drive a few weeks with the app and they give you a quote. ",ANECDOTE
119,Fake it until you make it.,ADVICE
120,"I hate to say that your chances are really slim. 

You mentioned he is a part of your ex’s “quite a CLOSE friend group of around 6guys” so let’s just assume your ex did not talk anything bad about you, but still, he (maybe) doesn’t want to talk to you because that would only ruin their friendship or make things awkward between them. 

So if I were you, I wouldn’t eagerly wait for the “match” You’re looking for, instead, respond to those whom you have already matched with. I’m sure those poor guys whom you’ve been ignoring are already dying for your reply(jk). 

Good luck ! ",ANECDOTE
121,"None of that changes the max speed of the state, does it? ",APPRAISAL
122,"Don't get pregnant any time soon if you decide to try to stay together.

It sucks that someone else had to tell you. That instead of speaking to you about his fears, he stepped out and fucked someone else.

I hope his communication skills have improved. I hope he sees you as a partner now, his teammate, someone he can say anything to. Because otherwise, what's the point?",EMOTIONAL_SUPPORT
123,"Assholes are the women that are selfclaimed feminists, empowered, equal rights fighters,  etc. and then, when the bill comes, they play the helpless princess character that need the patriarcal knights saviours.",ANECDOTE
124,"fair enough. I have nothing to do with the cheaters anymore for that reason exactly, and I don’t want to get into other people’s business, but i can’t help but feel I’m doing a favour for someone who isn’t even my friend anymore by keeping their secret. I still don’t think I’ll say anything, will have to find a way to move past it.",ANECDOTE
125,"Are you in the United States?

The National Center for Missing and Exploited Children has an online reporting system.

https://report.cybertip.org/

If you're in another country just google ""[country] report child sexual abuse"" and you'll find a ton of organizations that can take your information.
",ADVICE
126,"You're desperate, take this offer.",APPRAISAL
127,a Hallmark Production ,ANECDOTE
128,"Call DCFS yourself and complain about whatever you have experienced with her that you feel is damaging to the child. Other than that, it appears that this might be your parents house, so your parents are the ones you need to convince. Realistically, even if this child is lovely, this girlfriend isn't a positive force in anyone's life, so be ready to let the child go. ",ADVICE
129,"I call bullshit, she likes him more than you.  ",ANECDOTE
130,"If your license had outstanding issues in another state, you can't get a license in California - they need your current license and will run it through the system to look to see if its current with no outstanding issues before issuing you a California license. You need to resolve the issues in Massachusetts first.",ADVICE
131,"Can you elaborate some of the ‘nice’ ways you inquired? I’m in a similar position, and every company seems to be under the impression that you should want *so* much to work there that salary isn’t important. ",ANECDOTE
132,"---
> http://imgur.com/a/myIAb

---
*I am a bot whose sole purpose is to improve the timeliness and accuracy of responses in this subreddit.*

---
**It appears you forgot to include your location in the title or body of your post. Please update the body of your original post to include this information.**

---
***Do NOT delete this post - Instead, simply edit the post with the requested information.***

---

Author: /u/Suwrites

Title: **I'm in need of legal advice**

Original Post: 

> So I'm a salary store manager.  This week all of the other managers got three days off. I was told by email that I would also get it off and then called back to be told that I would not get it and if I wanted to take the extra day that I'd have to take a PTO. 
> Who would I seek out to see if this is legal? Do small businesses get to do whatever they want?




---
LocationBot 4.31977192 | [Report Issues](https://www.reddit.com/r/locationbot)",APPRAISAL
133,"""Hi Grandma, You mentioned some money you'd been saving for us in the letter you sent. Is that still available? I lost my job and I'm struggling a bit right now and I need money to go to school. Would it be possible to get some of it?""

And make sure you use the money to go to school. Don't blow it on day to day living. Your grandma is saving that money so that you can have a better future, so don't let her down. ",ADVICE
134,"it's good. 

but i would talk to her in person ",ANECDOTE
135,Yes,ANECDOTE
136,"Which is why rules of thumb are kinda useful but kinda suck at the same time, especially for outliers. Everyone's situation is different.

It also annoys me when people say ""you shouldn't spend so much money on X."" Well, if you budget for X and have the money for X and X makes you happy then YES you should spend that much money on X!! Even if that's not how I'd personally spend my money. Personal finance isn't a race to spend as little as possible at all times.",ANECDOTE
137,"Also, Chris Rock covers this.   
Date your husband a bit. Have him give you some orgasms. Recycle the good about your relationship.  
[https://www.youtube.com/watch?v=qp39zD6\_cLU](https://www.youtube.com/watch?v=qp39zD6_cLU)",ADVICE
138,"It has zero to do with her. And you seem to have some judgments about therapy you should kind of think about. It’s not couple’s therapy, he is going to therapy for himself. Therapists aren’t there to facilitate one partner complaining about another. A good therapist gets to the heart of the thoughts and feelings he’s having that are making your relationship and his self-esteem bad. It’s not, “oh yeah, she’s terrible” ever. It’s “oh, so how do you feel about that, where do you think those feelings come from, what thoughts or actions can make the situation better for you.”  The therapist opinions aren’t about some third party, that’s just gossip. 

Even if the subject was 100% you, the real subject is  him, he chooses to talk about you because that’s what he cares about the most. 
",APPRAISAL
139,"""3 day cancellation thingy"" doesn't really give a whole lot of info. What exactly does it say about cancelling within 3 days, word for word from your contract?",ANECDOTE
140,Time. It's cause you got in via school and not work. It's normal. Jusy tough it out. Don't let it get to you.,EMOTIONAL_SUPPORT
141,Get three of the top five dating apps and just go have the fun you can.,ADVICE
142,"My mother was a bit of a hoarder, and left about $400 in coins in coffee cans when she died.  I was not going to sit for many hours rolling coins, so I just took them to Coinstar. I believe the charge is 8%, but $32 was worth it to save me all that work. And IIRC, if you take a gift card (like to Amazon or similar) instead of cash, they will do it with no charge.",ANECDOTE
143,"Belated, but it's still a good idea to swing by your local Cali unemployment office - there's a fair amount of job fairs, and info and if you have some clerkwork experience, offices (at least in NorCal) are hiring to gear up for the 2020 census.",ADVICE
144,"OP is using Instagram as a job. They went from full time to 2 part time gigs, it’s a pretty common thing. Plus it’s a great opportunity because you can make a ridiculous amount of money from anywhere. 

Personally if someone didn’t like my job I’d dump them because it’s my career and my money",ANECDOTE
145,"She’s sleeping in another dudes bed, crying because your upset about that and trying to go to dinner 1v1 with this guy. This ain’t fair and you gotta get out. Don’t let her crocodile tears do you in",WARNING
146,"Kinda rough but all the while, very very true. What you did was mad fucked up. He didn’t deserve that at all. And I’m sure he’d never do such a thing to you. I hope this situation fixes your state of mind because if not, you’re going to seriously damage other people on top of breaking this poor guys heart. Won’t ever wish anything bad upon another person, however I truly hope you can make a 180 because this type of shit isn’t okay. ",APPRAISAL
147,"[https://www.vanguardsouthamerica.com/saw/home.htm##about-us](https://www.vanguardsouthamerica.com/saw/home.htm##about-us) Quick Google found this, may help?",APPRAISAL
148,"She should be proud of having the courage to do what she needs to do to succeed and honestly her professors should admire her desire to succeed and taking the initiative to make sure that happens. Many of our professors grew up in a time where ADHD wasn't recognized as a disability, so it can sometimes be really difficult for them to understand what is actually going on. She could set up an appointment with them to talk about how she learns, what her ADHD limits, how she overcomes that, and then maybe some strengths that her ADHD gives her (for example many people with ADHD are more creative or detail oriented which can also be an advantage!). If all else fails just encourage her to be confident in her own abilities and not be ashamed of doing what is best for her and not just giving up! Plenty of us use accommodations and they are there for a reason! Professors are taught about disabilities of all kinds including ADHD but not all of them are as open minded as others - sometimes that's unavoidable but she shouldn't let that bring her down :)

That being said if it ever turns into blatant discrimination or if she feels she is being attacked because of her ADHD then she should talk to your schools resources for disabled students office! ",EMOTIONAL_SUPPORT
149,"https://crtc.gc.ca/eng/phone/mobile/limit.htm

Check out the wireless code. ",APPRAISAL
150,So go see the world. That's my plan too. I totally understand why you're scared though. ,ANECDOTE
151,I don't disagree.,APPRAISAL
152,"AHHHH GIVE IT A CHANCE!! Those issues don't seem like things that last (they're more of a ""type of phase"") You both are more matured!! Good luck <3 ",ADVICE
153,"I have a base-level WRX myself, bought it for 8 grand with 100K on it. Still plenty of giddy-up and still a WRX. 

The STI is more of a money hog, if you don't baby it... Which begs the question, why by a car with that much horsepower if you are going to baby it? 

Save, save, save... and look for a used STI. ",ADVICE
154,"returning items to stores has nothing to do with your credit score.

returning items repeatedly to ""test them out"" is likely to get you banned from those stores though.",WARNING
155,"Many banks have free online bill pay. 


Our use your banks check writing service.


Just let the landlord know. They might toss the mail thinking it's junk mail. My old landlord tossed a few months rent accidentally.",ANECDOTE
156,"Thank you! I couldn’t tell if I was over reacting but it does feel like I’m always there when he says so but when I say something it’s a problem, so thank you for saying that ",ANECDOTE
157,"Be honest. This is redditt. No one knows who you are. 

You are gone a year. You hooked up with other women and you like the freedom. How close am I?",APPRAISAL
158,"Obviously this is true , and is why I'm trying to find the best uses for my currently limited income. I just transitioned to working as a freelance writer in late October, and if it doesn't work out financially by the time I move I'll be getting another job, probably back in the medical billing sector where I came from (I was earning about 40K, but it was my first year). 

I do appreciate the cost breakdown (always helps!) and should have been clearer, I'm more asking what to do with my currently limited funds given my intention to move, not how to live on these same funds after I've moved. As for health insurance, I am looking into a few options one of which is working part time for some establishment or other which offers insurance for part time employees, like whole foods or Chipotle (where I currently work) or Wegmans, which has a huge presence where I'm moving. My writing work has been providing a money per hour ratio that is well, well above my usual (around $100/hr) but its just a matter of getting steady clients within that bracket, and I've barely begun trying. 

The main thing I was looking for, which is echoed by other posters as well, is to aim for a savings which reflects six months of expenses. I'll get working on that and maybe occasionally chip away at my loans. I have about 8 months until I have to pay for food, rent, or insurance, so I just need to know what to focus on financially (aside from earning more) in that time.

",ANECDOTE
159,"All differences can be worked through, it's a matter of how much both people are willing to compromise or sacrifice for the relationship.",APPRAISAL
160,You all need better boundaries.,APPRAISAL
161,"You have three possible choices, accept the new contingency or insist the buyer complete the sale (unless the sale was contingent on financing) or cancel the sale.  Lender isn't going to lend and buyer has no control over lender or when roof is going to be done.

&#x200B;

Money sitting in escrow is safe, just a matter of showing completion of the repairs to get it back.  Just make sure it is clear up front in writing what has to be done to get the money back and what the process is.",ADVICE
162,"quite honestly, I don't know yet. Because I haven't had any contact with the other side or been updated from my attorney about anything tangible. I am definitely not happy with their service",ANECDOTE
163,Sounds like you need someone to talk to yourself. ,ANECDOTE
164,"If you are the only person left in the world, you won't feel left out if you have a personal sense of meaning and purpose that you believe in. Most people don't have this, and so they are constantly looking for easy attachment, laughs, etc.  But for people who inquire, try and experiment and think and reflect on what is meaningful to them each day or in life generally, they do not feel alone. That is how I have felt since finding my own personal meaning. It has to do with conserving nature for all people. But everyone is different.
",ADVICE
165,"Makes sense, I guess.",ANECDOTE
166,Weddings are only as expensive as you make them...,WARNING
167,"I started going through the same. I''ve solved this by occasionally talking to people. So I moved away and see them rarely. Just my wife and occasionally another friend.

I occasionally whatsapp a friend with something funny or something. It's like every 2-4 weeks but it works.",ANECDOTE
168,"Yeah deff leave, sounds like a crazy bitch my dude. You're dodging a real bullet here. ",ANECDOTE
169,"You need to inform your psychiatrist of these negative reactions you had from taking these medications as there are small but significant reactions people get from taking medications. These nuances should not be ignored and your health professional should be notified of them asap.

Given the complexity of mental health, advice of these kinds should be given from only the experts as there are nuances that only they are aware of.",ADVICE
170,I would see a marriage counseller. They can talk to both of you and hopefully the underlying problem can come out.,ADVICE
171,Buy a candle,ADVICE
172,RemindMe! Six months,APPRAISAL
173,"Woah hang on there. As a dad and an avid gamer, the video game had nothing to do with this guy being a shitty dad and husband and person in general. ",ANECDOTE
174,I just needed something that would clear my mind so i pushed myself to do stuff out of my comfort zone,ANECDOTE
175,"Talk to her more. Show her interest. You can't exactly when the time is right but if she seems interested then ask her a simple question like 'Hey, are you free this weekend' or whenever then you can plan the first date if she's available. ",ADVICE
176,"She doesn’t even need to be tested, it can be treated on the basis of a clinical diagnosis ",ADVICE
177,"Sorry, as in you’re trying to avoid paying interest on any sort of business loan or investment?",ANECDOTE
178,Hmm yea thanks for your input!,ANECDOTE
179,"I would tell her about the suspicious behaviour and tell her that if she doesn't tell them to leave, then you will; or you'll call the cops. ",APPRAISAL
180,"It really depends on your time horizon.

If you’re going to retire in a year, yes, pull it out.

If you’re going to retire in the next two or three decades, ride it out. Timing the market is impossible but you shouldn’t ride it out if you’re retiring in a year, couple of years, maybe even five depending.",APPRAISAL
181,"[Here's a mortgage calculator](http://www.bretwhissel.net/cgi-bin/amortize) that I like (there are more feature rich complicated ones, but I like its simplicity). 

And [here's a mortgage company](https://www.aimloan.com/) that gives you rates (pretty good ones at that) without soliciting your personal info. ",ADVICE
182,"Just break up with her, she will soon enough go and fuck her ex. ",WARNING
183,Get a job in addition to freelancing. Tomorrow. ,ADVICE
184,"I don't know your credit score, but I wonder just based on utilization if you could get approved for things, if moving money is the goal. 

I'd probably put new expenses on the 0%s while I paid down the others though. 

I don't know that canceling the two with monthly fees is going to drastically reduce your credit score, since utilization is already so high. I would definitely try to product-change, this is just a phone call, but I might just cancel on the principle of monthly fees are highway robbery and what's ultimately going to get your score straight is paying down your debts, these two at $0 aren't going to have a great impact on it.",ADVICE
185,I’m so sorry .....,EMOTIONAL_SUPPORT
186,"I have heard CC’s are easier to resolve problems like this, however I have had a BoA debit card for years and they have always resolved any discrepancies I call them about. No questions asked.",ANECDOTE
187,You were too young to get married (let alone knocked up). Go ahead and divorce and abort the fetus. ,ADVICE
188,It sounded like you're whining about not being able to kill... ,APPRAISAL
189,""" she says she chooses our married happiness"" how is this ""our"". She chose her happiness. You didnt knowingly choose someone who isn't attracted to you. So no your happiness doesn't seem like it was taken into consideration. ""she says she chose HER married happiness"" seems more appropriate. Are you saying you are okay without sex because currently at this moment, you have no other options(other women interested in you). ",APPRAISAL
190,"What help do you  need? You know you need to split, so if you stay with him, all your unhappiness from this second onward is 100% your own fault, so stop complaining.",APPRAISAL
191,If you work around others regularly it should be readily apparent whether you do or don't.,ANECDOTE
192,Sounds like you're starting 2019 off right by dropping bad people you don't need in your life.,EMOTIONAL_SUPPORT
193,"Getting married young is never a good idea, especially coming right out of high school. I mean, it could work out, but it rarely does.",WARNING
