id,label
1578,ANECDOTE
1421,APPRAISAL
1042,ADVICE
20,APPRAISAL
485,ANECDOTE
117,ADVICE
1998,ADVICE
1121,ANECDOTE
127,ADVICE
1746,APPRAISAL
626,ADVICE
1276,ADVICE
667,ADVICE
509,ANECDOTE
397,ADVICE
544,ADVICE
536,APPRAISAL
139,APPRAISAL
1938,APPRAISAL
1873,ANECDOTE
1742,APPRAISAL
1097,ANECDOTE
775,ADVICE
215,APPRAISAL
578,APPRAISAL
209,ANECDOTE
1221,ADVICE
357,ADVICE
1931,ADVICE
1669,APPRAISAL
354,ADVICE
1521,ADVICE
327,APPRAISAL
1366,ANECDOTE
293,ANECDOTE
34,ADVICE
233,ANECDOTE
513,APPRAISAL
391,ADVICE
340,ADVICE
1122,APPRAISAL
1214,APPRAISAL
1684,ADVICE
807,ADVICE
192,ADVICE
1171,ADVICE
428,ANECDOTE
457,APPRAISAL
1292,ANECDOTE
661,ADVICE
1602,ADVICE
84,ADVICE
821,ADVICE
1274,APPRAISAL
159,ADVICE
1167,ADVICE
1749,APPRAISAL
1045,ADVICE
1589,ADVICE
1130,APPRAISAL
1577,ADVICE
48,ANECDOTE
1880,ADVICE
12,ADVICE
1332,ADVICE
1593,ADVICE
277,APPRAISAL
649,ANECDOTE
1228,ADVICE
167,ADVICE
582,ADVICE
1676,ANECDOTE
953,ADVICE
951,ADVICE
1933,ANECDOTE
1621,APPRAISAL
631,APPRAISAL
1538,ADVICE
1694,ADVICE
761,ADVICE
248,ADVICE
590,ADVICE
54,ANECDOTE
1458,ANECDOTE
1980,ADVICE
1021,ADVICE
275,ADVICE
1510,ANECDOTE
692,ANECDOTE
392,APPRAISAL
1894,APPRAISAL
267,ANECDOTE
664,APPRAISAL
1632,ANECDOTE
1237,ADVICE
8,ANECDOTE
1823,ADVICE
423,ADVICE
1412,ADVICE
372,APPRAISAL
780,APPRAISAL
1316,ADVICE
1204,APPRAISAL
675,ADVICE
1492,ANECDOTE
241,ADVICE
1392,ADVICE
875,ADVICE
662,APPRAISAL
1925,APPRAISAL
1497,APPRAISAL
1464,ADVICE
234,APPRAISAL
28,APPRAISAL
655,APPRAISAL
432,APPRAISAL
1883,ADVICE
838,ADVICE
188,APPRAISAL
814,APPRAISAL
783,APPRAISAL
322,ANECDOTE
845,ANECDOTE
344,ANECDOTE
331,ANECDOTE
903,ADVICE
72,ADVICE
1870,ANECDOTE
936,ADVICE
1289,APPRAISAL
1623,APPRAISAL
1362,ANECDOTE
916,ADVICE
1085,APPRAISAL
96,APPRAISAL
1,ANECDOTE
771,APPRAISAL
440,APPRAISAL
67,ADVICE
535,ADVICE
995,ANECDOTE
329,ANECDOTE
1830,ADVICE
1912,APPRAISAL
216,ANECDOTE
1754,ANECDOTE
1491,ADVICE
59,ANECDOTE
1744,ANECDOTE
1741,ADVICE
1333,APPRAISAL
709,ADVICE
1156,APPRAISAL
1139,ANECDOTE
708,ADVICE
1856,APPRAISAL
1865,ADVICE
534,EMOTIONAL_SUPPORT
1158,ADVICE
158,ADVICE
398,ADVICE
1380,APPRAISAL
1861,ADVICE
949,ADVICE
1585,APPRAISAL
1905,APPRAISAL
1725,ADVICE
569,ADVICE
1892,APPRAISAL
1667,ANECDOTE
1820,ANECDOTE
47,ADVICE
594,APPRAISAL
576,ANECDOTE
1417,ADVICE
1103,ADVICE
1253,ADVICE
961,APPRAISAL
1770,ADVICE
1559,ANECDOTE
9,ADVICE
701,APPRAISAL
1263,APPRAISAL
255,ADVICE
830,ADVICE
336,ADVICE
912,ANECDOTE
726,APPRAISAL
894,EMOTIONAL_SUPPORT
1785,ADVICE
198,ANECDOTE
1646,ANECDOTE
142,ANECDOTE
1985,ADVICE
1714,ADVICE
1809,ADVICE
108,ANECDOTE
443,APPRAISAL
1507,ADVICE
732,ADVICE
219,ADVICE
855,ANECDOTE
1527,APPRAISAL
1026,ADVICE
1452,ADVICE
362,APPRAISAL
427,ADVICE
1518,ADVICE
1796,ADVICE
1264,APPRAISAL
1147,APPRAISAL
596,ANECDOTE
1926,ADVICE
1419,ANECDOTE
1298,EMOTIONAL_SUPPORT
1795,ANECDOTE
1098,APPRAISAL
1679,ADVICE
369,ADVICE
1340,APPRAISAL
503,APPRAISAL
1051,APPRAISAL
993,ANECDOTE
261,ADVICE
434,ADVICE
153,APPRAISAL
1914,APPRAISAL
791,ADVICE
454,ANECDOTE
752,APPRAISAL
1317,ADVICE
1730,ANECDOTE
339,EMOTIONAL_SUPPORT
1640,ANECDOTE
1466,ADVICE
1662,APPRAISAL
1226,ADVICE
1336,ADVICE
630,APPRAISAL
334,APPRAISAL
1046,ADVICE
1127,ADVICE
1391,APPRAISAL
1650,ADVICE
1220,ANECDOTE
170,ADVICE
879,APPRAISAL
1449,APPRAISAL
1394,APPRAISAL
1250,EMOTIONAL_SUPPORT
119,ANECDOTE
1303,ADVICE
1451,APPRAISAL
282,ADVICE
1427,ADVICE
1211,APPRAISAL
1570,ANECDOTE
1349,APPRAISAL
324,ANECDOTE
1105,APPRAISAL
1344,ANECDOTE
259,ANECDOTE
1787,APPRAISAL
1014,ADVICE
650,APPRAISAL
1738,ADVICE
715,ADVICE
1869,ANECDOTE
1748,APPRAISAL
375,ADVICE
184,APPRAISAL
1726,ANECDOTE
999,ANECDOTE
1078,ANECDOTE
1181,ADVICE
1023,ADVICE
1086,ADVICE
1565,ANECDOTE
1921,ADVICE
1598,APPRAISAL
411,ADVICE
705,ANECDOTE
1322,ADVICE
770,ADVICE
1846,ADVICE
530,APPRAISAL
269,EMOTIONAL_SUPPORT
1176,ADVICE
1494,APPRAISAL
1803,ADVICE
551,ADVICE
1192,APPRAISAL
1044,ADVICE
1608,APPRAISAL
1032,ADVICE
913,ANECDOTE
1752,ANECDOTE
1841,ANECDOTE
703,ANECDOTE
1359,ADVICE
